{"/LiteonAPP/login.apc":"/UI2/LiteonAPP/login.w","/LiteonAPP/login.amobile":"/UI2/LiteonAPP/login.w","/LiteonAPP/index.apc":"/UI2/LiteonAPP/index.w","/LiteonAPP/index.amobile":"/UI2/LiteonAPP/index.w","/LiteonAPP/registeMobile.apc":"/UI2/LiteonAPP/registeMobile.w","/LiteonAPP/registeMobile.amobile":"/UI2/LiteonAPP/registeMobile.w","/LiteonAPP/Home.apc":"/UI2/LiteonAPP/Home.w","/LiteonAPP/Home.amobile":"/UI2/LiteonAPP/Home.w","/LiteonAPP/RegisteSucc.apc":"/UI2/LiteonAPP/RegisteSucc.w","/LiteonAPP/RegisteSucc.amobile":"/UI2/LiteonAPP/RegisteSucc.w","/LiteonAPP/Forget.apc":"/UI2/LiteonAPP/Forget.w","/LiteonAPP/Forget.amobile":"/UI2/LiteonAPP/Forget.w","end":1}